cell_type,mutant,wildtype
B,4.218375499334221,6.373117033603708
Endothelial,1.336884154460719,0.6373117033603708
Fibroblast,1.5552596537949401,4.010557486803141
MDSC,0.2929427430093209,0.21887472640659197
Malignant_epi,20.708388814913448,14.709669112913609
Mast,0.42609853528628494,0.2768121539848075
Monocyte,1.7363515312916113,4.094244882193897
NK,6.604527296937417,3.4891206385992017
Plasma,2.4394141145139816,5.362430796961504
TAM,13.283621837549934,7.609115488605639
T_CD4,17.762982689747002,21.906785116518606
T_CD8,27.254327563249003,30.153212308484616
Treg,0.21837549933422107,0.12231234710956612
pDC,2.1624500665778963,1.0364362044547444
